,name,orcid,link,title,date,journal
0,Katarzyna Adamczyk,https://orcid.org/0000-0002-7612-8380,https://doi.org/10.1111/aphw.12248,Relationship status and mental and physical health among Polish and American young adults: The role of relationship satisfaction and satisfaction with relationship status,2021-02-17,Applied Psychology: Health and Well-Being
1,Katarzyna Adamczyk,https://orcid.org/0000-0002-7612-8380,https://doi.org/10.1080/00223891.2019.1674317,Development of the Polish-Language Riverside Life Satisfaction Scale and Its Further Validation,2020,Journal of Personality Assessment
2,Katarzyna Adamczyk,https://orcid.org/0000-0002-7612-8380,https://doi.org/10.1177/2167696820966110,The Lonely Collegiate: An Examination of the Reasons for Loneliness Among Emerging Adults in College in the Western United States and West-Central Poland,2020,Emerging Adulthood
3,Katarzyna Adamczyk,https://orcid.org/0000-0002-7612-8380,https://doi.org/10.1007/s12144-017-9585-9,Development and Validation of a Polish-Language Version of the Satisfaction with Relationship Status Scale (ReSta),2019,Current Psychology
4,Katarzyna Adamczyk,https://orcid.org/0000-0002-7612-8380,https://doi.org/10.1007/s12144-017-9666-9,Incremental Validity of the Satisfaction with Relationship Status Scale in Predicting Young Adults’ Well-Being. What Does It Tell Us?,2019,Current Psychology
5,Katarzyna Adamczyk,https://orcid.org/0000-0002-7612-8380,https://doi.org/10.5114/cipp.2019.92561,Marital and love attitudes as predictors of polish young adults' relationship status,2019,Current Issues in Personality Psychology
6,Katarzyna Adamczyk,https://orcid.org/0000-0002-7612-8380,https://doi.org/10.1007/s12144-019-00192-2,The Polish adaptation and further validation of the Fear of Being Single Scale (FBSS),2019,Current Psychology
7,Katarzyna Adamczyk,https://orcid.org/0000-0002-7612-8380,https://doi.org/10.1016/j.paid.2017.12.011,Direct and indirect effects of relationship status through unmet need to belong and fear of being single on young adults' romantic loneliness,2018,Personality and Individual Differences
8,Katarzyna Adamczyk,https://orcid.org/0000-0002-7612-8380,https://doi.org/10.1016/j.paid.2017.01.056,Direct and indirect effects of relationship status through satisfaction with relationship status and fear of being single on Polish young adults' well-being,2017,Personality and Individual Differences
9,Katarzyna Adamczyk,https://orcid.org/0000-0002-7612-8380,https://doi.org/10.1521/jscp.2017.36.4.265,Going beyond relationship status: A cross-sectional and longitudinal investigation of the role of satisfaction with relationship status in predicting polish young adults mental health,2017,Journal of Social and Clinical Psychology
10,Katarzyna Adamczyk,https://orcid.org/0000-0002-7612-8380,https://doi.org/10.1371/journal.pone.0173768,Mental health and adjustment to juvenile idiopathic arthritis: Level of agreement between parent and adolescent reports according to Strengths and Difficulties Questionnaire and Adolescent Outcomes Questionnaire,2017,PLoS ONE
11,Katarzyna Adamczyk,https://orcid.org/0000-0002-7612-8380,https://doi.org/10.1111/1756-185x.12738,The Pediatric Outcomes Data Collection Instrument for a Polish sample with juvenile idiopathic arthritis: psychometric properties of proxy version,2017,International Journal of Rheumatic Diseases
12,Katarzyna Adamczyk,https://orcid.org/0000-0002-7612-8380,https://doi.org/10.1007/s12144-016-9478-3,Voluntary and Involuntary Singlehood and Young Adults’ Mental Health: an Investigation of Mediating Role of Romantic Loneliness,2017,Current Psychology
13,Karolina Magdalena Appelt,https://orcid.org/0000-0003-3106-8959,https://doi.org/10.4467/20843879pr.20.010.12265,Aktywność twórcza a korzystanie z urządzeń ekranowych przez dzieci w wieku przedszkolnym,2020,Psychologia Rozwojowa
14,Lucyna Bakiera,https://orcid.org/0000-0003-4559-0430,https://doi.org/10.14746/cis.2021.51.1,Blisko czy na dystans? Psychologiczne aspekty relacji międzyludzkich,2021-03-15,Człowiek i Społeczeństwo
15,Lucyna Bakiera,https://orcid.org/0000-0003-4559-0430,empty,Dostępność rodziców w dzieciństwie a przywiązanie do partnera w związku intymnym,2021-03-15,Człowiek i Społeczeństwo
16,Lucyna Bakiera,https://orcid.org/0000-0003-4559-0430,empty,Experiences of adults as parents with cancer: a systematic review and thematic synthesis of qualitative studies,2021-01-11,Journal of Psychosocial Oncology
17,Lucyna Bakiera,https://orcid.org/0000-0003-4559-0430,empty,Poziom agresywności przyszłych psychologów w kontekście percypowanych postaw ich rodziców,2020,"E-mentor, 83(1), 5-13. DOI: 10.15219/em83.1449"
18,Lucyna Bakiera,https://orcid.org/0000-0003-4559-0430,https://doi.org/10.14746/cis.2020.50.10,Komunikacja interpersonalna kobiet z zaburzeniem osobowości typu borderline w związkach kohabitacyjnych,2020-12-15,Człowiek i Społeczeństwo
19,Lucyna Bakiera,https://orcid.org/0000-0003-4559-0430,empty,Affiliative behaviors in intimate relationships. A questionnaire proposal,2019,"Przegląd Psychologiczny, 62(4), 641-655"
20,Lucyna Bakiera,https://orcid.org/0000-0003-4559-0430,empty,Inteligencja i kreatywność adolescentów w kontekście postaw wychowawczych ich rodziców,2019,"Psychologia Wychowawcza, 15, 63-78. DOI - 10.5604/01.3001.0013.2962"
21,Lucyna Bakiera,https://orcid.org/0000-0003-4559-0430,empty,"Kwestionariusze do badania psychicznych atrybutów dorosłości – podstawy teoretyczne, konstrukcja narzędzi i ich psychometryczna weryfikacja",2019,"Polskie Forum Psychologiczne, 24(3), 271–291. DOI: 10.14656/PFP20190301"
22,Lucyna Bakiera,https://orcid.org/0000-0003-4559-0430,empty,Levinsonowskie Marzenie w odniesieniu do ojcostwa. Badanie mężczyzn w fazie nowicjatu,2019,"Psychologia Rozwojowa, 23(4), 71-90. DOI - 10.4467/20843879PR.18.023.9952"
23,Lucyna Bakiera,https://orcid.org/0000-0003-4559-0430,empty,"Wychowanie i rodzicielstwo, styl wychowania i styl rodzicielski. Analiza terminologiczna",2019,"Psychologia Wychowawcza,16, 60-72. DOI: 10.5604/01.3001.0013.6361"
24,Lucyna Bakiera,https://orcid.org/0000-0003-4559-0430,empty,Doświadczenie nastoletniego macierzyństwa a wybrane aspekty funkcjonowania dorosłych kobiet,2018,"Polskie Forum Psychologiczne, 23(1), 102-121. DOI:10.4467/20843879PR.17.007.7039"
25,Lucyna Bakiera,https://orcid.org/0000-0003-4559-0430,empty,"Funkcjonowanie dzieci, młodzieży i dorosłych w rodzinach rozłącznych przestrzennie na skutek migracji ekonomicznych",2018,"Człowiek i Społeczeństwo, 51, 109-126"
26,Lucyna Bakiera,https://orcid.org/0000-0003-4559-0430,empty,Parental generativity. The concept and measurement,2018,"Polish Psychological Bulletin, 49(3), 344–354. DOI - 10.24425/119501"
27,Lucyna Bakiera,https://orcid.org/0000-0003-4559-0430,empty,Płeć metrykalna i psychologiczna a podział obowiązków domowych i satysfakcja seksualna w związkach konsensualnych,2018,"Rocznik Lubuski, 44(1), 325-344.  http://www.roczniklubuski.uz.zgora.pl/wydania/tom_44/Rocznik_Lubuski_44_1.pdf"
28,Lucyna Bakiera,https://orcid.org/0000-0003-4559-0430,empty,Badanie przywiązania u dzieci za pomocą Attachment Story Completion Task ,2017,"Czasopismo Psychologiczne, 23(1), 137-146"
29,Lucyna Bakiera,https://orcid.org/0000-0003-4559-0430,empty,Doświadczanie rodzicielstwa i doświadczenia rodzicielskie. Propozycja konceptualizacji,2017,"Psychologia Rozwojowa, 22(2),15-31"
30,Lucyna Bakiera,https://orcid.org/0000-0003-4559-0430,empty,Family relations in the period of parental initiation,2017,"Przegląd Psychologiczny, 60(4), 513-530"
31,Maciej Behnke,https://orcid.org/0000-0002-2455-4556,https://doi.org/10.1007/s10902-020-00218-8,Gratitude Texting Touches the Heart: Challenge/Threat Cardiovascular Responses to Gratitude Expression Predict Self-initiation of Gratitude Interventions in Daily Life,2021,Journal of Happiness Studies
32,Maciej Behnke,https://orcid.org/0000-0002-2455-4556,https://doi.org/10.1007/s12144-019-00315-9,Would you be happier if you moved more? Physical activity focusing illusion,2021,Current Psychology
33,Maciej Behnke,https://orcid.org/0000-0002-2455-4556,https://doi.org/10.1038/s41598-021-97670-0,Blunted cardiovascular reactivity may serve as an index of psychological task disengagement in the motivated performance situations,2021-12,Scientific Reports
34,Maciej Behnke,https://orcid.org/0000-0002-2455-4556,https://doi.org/10.1371/journal.pone.0256483,"I am afraid, so I buy it! The effects of anxiety on consumer assimilation and differentiation needs amongst individuals primed with independent and interdependent self-construal",2021-09-01,PLOS ONE
35,Maciej Behnke,https://orcid.org/0000-0002-2455-4556,https://doi.org/10.1371/journal.pone.0256430,"How seasons, weather, and part of day influence baseline affective valence in laboratory research participants?",2021-08-19,PLoS ONE
36,Maciej Behnke,https://orcid.org/0000-0002-2455-4556,https://doi.org/10.1111/psyp.13879,Distress and retaliatory aggression in response to witnessing intergroup exclusion are greater on higher levels of collective narcissism,2021-06-15,Psychophysiology
37,Maciej Behnke,https://orcid.org/0000-0002-2455-4556,https://doi.org/10.1007/s10902-021-00389-y,"Positive Emotions Boost Enthusiastic Responsiveness to Capitalization Attempts. Dissecting Self-Report, Physiology, and Behavior",2021-04-13,Journal of Happiness Studies
38,Maciej Behnke,https://orcid.org/0000-0002-2455-4556,https://doi.org/10.1038/s41598-021-86841-8,Head movement differs for positive and negative emotions in video recordings of sitting individuals.,2021-04-01,Scientific reports
39,Maciej Behnke,https://orcid.org/0000-0002-2455-4556,https://doi.org/10.1016/j.entcom.2020.100397,"What makes male gamers angry, sad, amused, and enthusiastic while playing violent video games?",2021-03,Entertainment Computing
40,Maciej Behnke,https://orcid.org/0000-0002-2455-4556,https://doi.org/10.1080/17439760.2021.1885054,Give and take: The role of reciprocity in capitalization,2021-02-10,The Journal of Positive Psychology
41,Maciej Behnke,https://orcid.org/0000-0002-2455-4556,https://doi.org/10.1016/j.psychsport.2019.101584,Social challenge and threat predict performance and cardiovascular responses during competitive video gaming,2020,Psychology of Sport and Exercise
42,Maciej Behnke,https://orcid.org/0000-0002-2455-4556,https://doi.org/10.1037/emo0000903,The role of emotions in esports performance.,2020-10-29,Emotion
43,Maciej Behnke,https://orcid.org/0000-0002-2455-4556,https://doi.org/10.1111/psyp.13318,Effects of emotions on heart rate asymmetry,2019-04,
44,Maciej Behnke,https://orcid.org/0000-0002-2455-4556,https://doi.org/10.1016/j.ijpsycho.2019.01.008,High-approach and low-approach positive affect influence physiological responses to threat and anger,2019-04,
45,Maciej Behnke,https://orcid.org/0000-0002-2455-4556,https://doi.org/10.1007/s12144-017-9629-1,The Sport Mental Training Questionnaire: Development and Validation,2019-04,
46,Maciej Behnke,https://orcid.org/0000-0002-2455-4556,https://doi.org/10.1007/s12144-019-00264-3,Splitting the affective atom: Divergence of valence and approach-avoidance motivation during a dynamic emotional experience,2019-04-23,
47,Maciej Behnke,https://orcid.org/0000-0002-2455-4556,https://doi.org/10.1080/17439760.2017.1326519,Smile intensity in social networking profile photographs is related to greater scientific achievements,2018-09-03,
48,Maciej Behnke,https://orcid.org/0000-0002-2455-4556,https://doi.org/10.1016/j.ijpsycho.2018.04.007,Successful performance and cardiovascular markers of challenge and threat: A meta-analysis,2018-08,
49,Maciej Behnke,https://orcid.org/0000-0002-2455-4556,https://doi.org/10.1016/j.chb.2017.05.031,The Pikachu effect: Social and health gaming motivations lead to greater benefits of Pokémon GO use,2017-10,
50,Teresa Chirkowska-Smolak,https://orcid.org/0000-0003-3942-5594,https://doi.org/10.13075/mp.5893.01181,Job insecurity and emotional disturbance of Polish employees during pandemic COVID-19,2021-12-22,Medycyna Pracy
51,Teresa Chirkowska-Smolak,https://orcid.org/0000-0003-3942-5594,https://doi.org/10.14746/cis.2021.51.8,Ryzyko braku relacji zawodowych. Konstrukcja Skali Niepewności Zatrudnienia w Sytuacji Pandemii,2021-03-15,Człowiek i Społeczeństwo
52,Teresa Chirkowska-Smolak,https://orcid.org/0000-0003-3942-5594,empty,Dorastanie do lojalności. Lojalność wobec organizacji pracowników pokolenia Y,2018,Człowiek i Społeczeństwo
53,Teresa Chirkowska-Smolak,https://orcid.org/0000-0003-3942-5594,empty,Lojalność pracowników wobec organizacji – operacjonalizacja pojęcia oraz weryfikacja psychometryczna Skali Lojalności Wobec Organizacji – badania pilotażowe,2018,Organizacja i Kierowanie
54,Teresa Chirkowska-Smolak,https://orcid.org/0000-0003-3942-5594,https://doi.org/10.18559/soep.2018.3.2,Polska adaptacja kwestionariusza do pomiaru wypalenia zawodowego OLBI (The Oldenburg Burnout Inventory,2018,Studia Oeconomica Posnaniensia
55,Teresa Chirkowska-Smolak,https://orcid.org/0000-0003-3942-5594,https://doi.org/10.14746/rpeis.2017.79.2.4,Oceny moralne w rozumowaniu sędziowskim,2017,"Ruch Prawniczy, Ekonomiczny i Socjologiczny"
56,Dariusz Drążkowski,https://orcid.org/0000-0001-5697-892X,https://doi.org/10.1371/journal.pone.0256483,"I am afraid, so I buy it! The effects of anxiety on consumer assimilation and differentiation needs amongst individuals primed with independent and interdependent self-construal",2021-09-01,PLOS ONE
57,Dariusz Drążkowski,https://orcid.org/0000-0001-5697-892X,https://doi.org/10.1016/j.paid.2017.01.043,"Gratitude pays: A weekly gratitude intervention influences monetary decisions, physiological responses, and emotional experiences during a trust-related social interaction",2017,Personality and Individual Differences
58,Dariusz Drążkowski,https://orcid.org/0000-0001-5697-892X,https://doi.org/10.1002/ijop.12238,Women are not less field independent than men—the role of stereotype threat,2017,International Journal of Psychology
59,Dariusz Drążkowski,https://orcid.org/0000-0001-5697-892X,https://doi.org/10.24131/3724.170105,Przegląd badań nad związkami zdolności przestrzennych z kompetencjami z nauk ścisłych uczniów i studentów,2017-04-01,Edukacja
60,Dominika Joanna Górska,https://orcid.org/0000-0001-5804-8128,https://doi.org/10.1016/j.paid.2021.111020,The role of the level of personality organization in emotional processing in Generalized Anxiety Disorder,2021,Personality and Individual Differences
61,Dominika Joanna Górska,https://orcid.org/0000-0001-5804-8128,https://doi.org/10.5114/cipp.2018.80195,Beyond descriptions: Selected aspects of science and practice in clinical psychology and personality psychopathology,2018,Current Issues in Personality Psychology
62,Dominika Joanna Górska,https://orcid.org/0000-0001-5804-8128,https://doi.org/10.5114/cipp.2018.80197,Fluctuations of mentalization in the context of relational stimuli and representational contents,2018,Current Issues in Personality Psychology
63,Dominika Joanna Górska,https://orcid.org/0000-0001-5804-8128,https://doi.org/10.1037/pap0000117,Between verbalization and reflection: Referential activity and narrative processes in borderline personality organization,2017,Psychoanalytic Psychology
64,Dominika Joanna Górska,https://orcid.org/0000-0001-5804-8128,https://doi.org/10.5114/cipp.2017.70141,Evidence-based assessment in a transtheoretical and paradigmatic approach,2017,Current Issues in Personality Psychology
65,Jarosław Grobelny,https://orcid.org/0000-0003-4296-402X,https://doi.org/10.1504/ijwoe.2021.115620,Emotional intelligence and job performance: A meta-analysis,2021,International Journal of Work Organisation and Emotion
66,Jarosław Grobelny,https://orcid.org/0000-0003-4296-402X,https://doi.org/10.1504/ijwoe.2021.10037977,Emotional Intelligence and Job Performance: A Meta-analysis,2021,International Journal of Work Organisation and Emotion
67,Jarosław Grobelny,https://orcid.org/0000-0003-4296-402X,empty,A conceptual model of the influence of resume components on personnel decisions: A policy-capturing study on resume screening,2020,Journal of Management Information and Decision Sciences
68,Jarosław Grobelny,https://orcid.org/0000-0003-4296-402X,empty,A conceptual model of the influence of résumé components on personnel decisions: a policy-capturing study on résumé screening,2020,Journal of Management Information and Decision Sciences
69,Jarosław Grobelny,https://orcid.org/0000-0003-4296-402X,https://doi.org/10.11114/bms.v4i3.3297,Predictive Validity toward Job Performance of General and Specific Mental Abilities. A Validity Study across Different Occupational Groups,2018-09,Business and Management Studies
70,Jarosław Grobelny,https://orcid.org/0000-0003-4296-402X,https://doi.org/10.6007/ijarbss/v8-i3/3940,Narrative Gamification as a Method of Increasing Sales Performance: A Field Experimental Study,2018-04,International Journal of Academic Research in Business and Social Sciences
71,Maciej Roman Hanczakowski,https://orcid.org/0000-0001-8980-4918,https://doi.org/10.1016/j.jml.2020.104189,The dissociations of confidence from accuracy in forced-choice recognition judgments,2021,Journal of Memory and Language
72,Maciej Roman Hanczakowski,https://orcid.org/0000-0001-8980-4918,https://doi.org/10.1037/xlm0001013,On the memory benefits of repeated study with variable tasks,2021-02-15,"Journal of Experimental Psychology: Learning, Memory, and Cognition"
73,Maciej Roman Hanczakowski,https://orcid.org/0000-0001-8980-4918,https://doi.org/10.1002/acp.3718,How to answer an unanswerable question? Factors affecting correct “don't know” responding in memory tasks,2020,Applied Cognitive Psychology
74,Maciej Roman Hanczakowski,https://orcid.org/0000-0001-8980-4918,https://doi.org/10.1037/xge0000695,Translating (Lack of) Memories Into Reports: Conversion Processes in Responding to Unanswerable Questions,2019,Journal of Experimental Psychology: General
75,Maciej Roman Hanczakowski,https://orcid.org/0000-0001-8980-4918,https://doi.org/10.3758/s13421-018-0854-0,Visual attentional load affects the frequency of involuntary autobiographical memories and their level of meta-awareness,2019,Memory and Cognition
76,Maciej Roman Hanczakowski,https://orcid.org/0000-0001-8980-4918,https://doi.org/10.1037/xge0000449,Learning through clamor: The allocation and perception of study time in noise,2018,Journal of Experimental Psychology: General
77,Maciej Roman Hanczakowski,https://orcid.org/0000-0001-8980-4918,https://doi.org/10.1016/j.jml.2018.03.001,Remind me of the context: Memory and metacognition at restudy,2018,Journal of Memory and Language
78,Maciej Roman Hanczakowski,https://orcid.org/0000-0001-8980-4918,https://doi.org/10.1037/xlm0000676,Two Routes to Memory Benefits of Guessing,2018,Journal of Experimental Psychology: Learning Memory and Cognition
79,Maciej Roman Hanczakowski,https://orcid.org/0000-0001-8980-4918,https://doi.org/10.1037/xlm0000321,Confidence in forced-choice recognition: What underlies the ratings?,2017,Journal of Experimental Psychology: Learning Memory and Cognition
80,Maciej Roman Hanczakowski,https://orcid.org/0000-0001-8980-4918,https://doi.org/10.1016/j.jml.2016.06.003,Late consequences of early selection: When memory monitoring backfires,2017,Journal of Memory and Language
81,Maciej Roman Hanczakowski,https://orcid.org/0000-0001-8980-4918,https://doi.org/10.1037/xlm0000292,Metamemory in a familiar place: The effects of environmental context on feeling of knowing,2017,Journal of Experimental Psychology: Learning Memory and Cognition
82,Maciej Roman Hanczakowski,https://orcid.org/0000-0001-8980-4918,https://doi.org/10.1016/j.jml.2016.11.005,When distraction benefits memory through semantic similarity,2017,Journal of Memory and Language
83,Agnieszka Bogumiła Izdebska,https://orcid.org/0000-0001-9050-7742,https://doi.org/10.1177/0886260520903136,Personality Disorders in Adult Female Child Sexual Abuse Survivors: Dimensions of Personality Pathology and Characteristics of Abuse,2020-03-03,Journal of Interpersonal Violence
84,Agnieszka Bogumiła Izdebska,https://orcid.org/0000-0001-9050-7742,empty, Wykorzystanie seksualne dziecka. Wyniki Ogólnopolskiej diagnozy skali i uwarunkowań krzywdzenia dzieci,2019,"Dziecko krzywdzone. Teoria, badania, praktyka."
85,Agnieszka Bogumiła Izdebska,https://orcid.org/0000-0001-9050-7742,empty,"Relacja lekarza z małoletnim, który doświadczył wykorzystania seksualnego. Uwarunkowania przebiegu kontaktu i jego znaczenie dla procesu diagnozy",2019,"Dziecko krzywdzone. Teoria, badania, praktyka."
86,Agnieszka Bogumiła Izdebska,https://orcid.org/0000-0001-9050-7742,https://doi.org/10.1177/0886260518759061,The Level of Personality Organization and Revictimization in Lives of Child Sexual Abuse Survivors,2018-02-28,Journal of Interpersonal Violence
87,Monika Olga Jańczak,https://orcid.org/0000-0002-5739-1124,https://doi.org/10.12740/pp/125383,Adaptation and validation of the Mentalization Scale (MentS) - a self-report measure of mentalizing,2021-12-31,Psychiatria Polska
88,Monika Olga Jańczak,https://orcid.org/0000-0002-5739-1124,empty,Mentalization in clinical practice - A psychodynamic perspective,2018,Psychoterapia
89,Monika Olga Jańczak,https://orcid.org/0000-0002-5739-1124,empty,MENTALIZATION IN CLINICAL PRACTICE - PSYCHODYNAMIC PERSPECTIVE,2018,Psychoterapia
90,Monika Olga Jańczak,https://orcid.org/0000-0002-5739-1124,empty,Mentalizacja w praktyce klinicznej - perspektywa psychodynamiczna,2018-12-01,Psychoterapia
91,Monika Olga Jańczak,https://orcid.org/0000-0002-5739-1124,https://doi.org/10.5114/cipp.2018.80196,Mentalization in borderline individuals: an attempt to integrate contradictory research results,2018-12-01,Current Issues in Personality Psychology
92,Monika Olga Jańczak,https://orcid.org/0000-0002-5739-1124,https://doi.org/10.1007/s12144-017-9573-0,"Emotion Dysregulation, Mentalization and Romantic Attachment in the Nonclinical Adolescent Female Sample.",2017-03,"Current psychology (New Brunswick, N.J.)"
93,Monika Olga Jańczak,https://orcid.org/0000-0002-5739-1124,empty,Relationship-specific attachment models in individuals with borderline personality organization,unrecovered,Psychologia Rozwojowa
94,Łukasz Dominik Kaczmarek,https://orcid.org/0000-0001-5565-8334,https://doi.org/10.1038/s41598-021-97670-0,Blunted cardiovascular reactivity may serve as an index of psychological task disengagement in the motivated performance situations,2021,Scientific Reports
95,Łukasz Dominik Kaczmarek,https://orcid.org/0000-0001-5565-8334,https://doi.org/10.1371/journal.pone.0255491,Changes in values and well-being amidst the COVID-19 pandemic in Poland,2021,PLoS ONE
96,Łukasz Dominik Kaczmarek,https://orcid.org/0000-0001-5565-8334,https://doi.org/10.1080/17439760.2021.1885054,Give and take: The role of reciprocity in capitalization,2021,Journal of Positive Psychology
97,Łukasz Dominik Kaczmarek,https://orcid.org/0000-0001-5565-8334,https://doi.org/10.1007/s10902-020-00218-8,Gratitude Texting Touches the Heart: Challenge/Threat Cardiovascular Responses to Gratitude Expression Predict Self-initiation of Gratitude Interventions in Daily Life,2021,Journal of Happiness Studies
98,Łukasz Dominik Kaczmarek,https://orcid.org/0000-0001-5565-8334,https://doi.org/10.1038/s41598-021-86841-8,Head movement differs for positive and negative emotions in video recordings of sitting individuals,2021,Scientific Reports
99,Łukasz Dominik Kaczmarek,https://orcid.org/0000-0001-5565-8334,https://doi.org/10.1371/journal.pone.0256430,"How seasons, weather, and part of day influence baseline affective valence in laboratory research participants?",2021,PLoS ONE
100,Łukasz Dominik Kaczmarek,https://orcid.org/0000-0001-5565-8334,https://doi.org/10.1371/journal.pone.0256483,"I am afraid, so I buy it! The effects of anxiety on consumer assimilation and differentiation needs amongst individuals primed with independent and interdependent self-construal",2021,PLoS ONE
101,Łukasz Dominik Kaczmarek,https://orcid.org/0000-0001-5565-8334,https://doi.org/10.1007/s12144-019-00264-3,Splitting the affective atom: Divergence of valence and approach-avoidance motivation during a dynamic emotional experience,2021,Current Psychology
102,Łukasz Dominik Kaczmarek,https://orcid.org/0000-0001-5565-8334,https://doi.org/10.1016/j.entcom.2020.100397,"What makes male gamers angry, sad, amused, and enthusiastic while playing violent video games?",2021,Entertainment Computing
103,Łukasz Dominik Kaczmarek,https://orcid.org/0000-0001-5565-8334,https://doi.org/10.1007/s12144-019-00315-9,Would you be happier if you moved more? Physical activity focusing illusion,2021,Current Psychology
104,Łukasz Dominik Kaczmarek,https://orcid.org/0000-0001-5565-8334,https://doi.org/10.1007/s11084-021-09612-5,How the Geomagnetic Field Influences Life on Earth – An Integrated Approach to Geomagnetobiology,2021-09-07,Origins of Life and Evolution of Biospheres
105,Łukasz Dominik Kaczmarek,https://orcid.org/0000-0001-5565-8334,https://doi.org/10.1016/j.psychsport.2019.101584,Social challenge and threat predict performance and cardiovascular responses during competitive video gaming,2020,Psychology of Sport and Exercise
106,Łukasz Dominik Kaczmarek,https://orcid.org/0000-0001-5565-8334,https://doi.org/10.1016/j.ijpsycho.2019.01.008,High-approach and low-approach positive affect influence physiological responses to threat and anger,2019,International Journal of Psychophysiology
107,Łukasz Dominik Kaczmarek,https://orcid.org/0000-0001-5565-8334,https://doi.org/10.1007/s12144-017-9629-1,The Sport Mental Training Questionnaire: Development and Validation,2019,Current Psychology
108,Łukasz Dominik Kaczmarek,https://orcid.org/0000-0001-5565-8334,https://doi.org/10.1016/j.ijpsycho.2019.08.011,Trait and state approach-motivated positive affects interactively influence stress cardiovascular recovery,2019,International Journal of Psychophysiology
109,Łukasz Dominik Kaczmarek,https://orcid.org/0000-0001-5565-8334,https://doi.org/10.1111/psyp.13318,Effects of emotions on heart rate asymmetry,2019-04,Psychophysiology
110,Łukasz Dominik Kaczmarek,https://orcid.org/0000-0001-5565-8334,https://doi.org/10.1080/17439760.2017.1326519,Smile intensity in social networking profile photographs is related to greater scientific achievements,2018,Journal of Positive Psychology
111,Łukasz Dominik Kaczmarek,https://orcid.org/0000-0001-5565-8334,https://doi.org/10.1016/j.ijpsycho.2018.04.007,Successful performance and cardiovascular markers of challenge and threat: A meta-analysis,2018,International Journal of Psychophysiology
112,Łukasz Dominik Kaczmarek,https://orcid.org/0000-0001-5565-8334,https://doi.org/10.1016/j.paid.2017.01.043,"Gratitude pays: A weekly gratitude intervention influences monetary decisions, physiological responses, and emotional experiences during a trust-related social interaction",2017,Personality and Individual Differences
113,Łukasz Dominik Kaczmarek,https://orcid.org/0000-0001-5565-8334,https://doi.org/10.1016/j.chb.2017.05.031,The Pikachu effect: Social and health gaming motivations lead to greater benefits of Pokémon GO use,2017,Computers in Human Behavior
114,Łukasz Dominik Kaczmarek,https://orcid.org/0000-0001-5565-8334,empty,Wiedza naukowa a praktyka społeczna na przykładzie psychologii zdrowia: O dyscyplinie naukowej na zakręcie,2017,Nauka
115,Marta Karbowa-Płowens,https://orcid.org/0000-0003-1692-6564,https://doi.org/10.4467/20843879pr.19.024.11730,Rozwój i charakterystyka więzi przywiązaniowej w relacji romantycznej,2019,Psychologia Rozwojowa
116,Paweł Kleka,https://orcid.org/0000-0003-0841-0015,https://doi.org/10.1016/j.cortex.2021.03.022,"Manual praxis and language-production networks, and their links to handedness",2021-07,Cortex
117,Paweł Kleka,https://orcid.org/0000-0003-0841-0015,https://doi.org/10.3390/ijerph18094823,Correlation between Handgrip Strength and Depression in Older Adults—A Systematic Review and a Meta-Analysis,2021-04,International Journal of Environmental Research and Public Health
118,Paweł Kleka,https://orcid.org/0000-0003-0841-0015,https://doi.org/10.3390/jcm10091900,Goal Orientation and Physical Activity: Psychometric Properties of the Polish Version of the Goal Orientation in Exercise Measure (GOEM),2021-04,Journal of Clinical Medicine
119,Paweł Kleka,https://orcid.org/0000-0003-0841-0015,https://doi.org/10.14746/cis.2021.51.10,Relacje online. Ekstrawersja i inteligencja emocjonalna w kontekście wybranych aspektów komunikacji internetowej,2021-03-15,Człowiek i Społeczeństwo
120,Paweł Kleka,https://orcid.org/0000-0003-0841-0015,https://doi.org/10.14746/cis.2021.51.5,Związek  między przejawianym stylem poczucia humoru a prezentowaną postawą rodzicielską,2021-03-15,Człowiek i Społeczeństwo
121,Paweł Kleka,https://orcid.org/0000-0003-0841-0015,https://doi.org/10.5114/aoms.2020.93046,Assessment of selected nutrient intake by Polish preschool children compared to dietary recommendations: a meta-analysis,2020,Archives of Medical Science
122,Paweł Kleka,https://orcid.org/0000-0003-0841-0015,https://doi.org/10.1016/j.concog.2020.102936,Metacognition and emotion--How accurate perception of own biases relates to positive feelings and hedonic capacity,2020,Consciousness and Cognition
123,Paweł Kleka,https://orcid.org/0000-0003-0841-0015,https://doi.org/10.5604/01.3001.0013.9738,Praxis and language organization in left-handers,2020,Acta Neuropsychologica
124,Paweł Kleka,https://orcid.org/0000-0003-0841-0015,https://doi.org/10.1080/09638288.2020.1822933,Psychometric properties of the Polish version of the Multiple Sclerosis Self-Management Scale -- Revised,2020,Disability and Rehabilitation
125,Paweł Kleka,https://orcid.org/0000-0003-0841-0015,https://doi.org/10.3390/ijerph17186641,The Measurement of Goal Orientation in Sport: Psychometric Properties of the Polish Version of the Perception of Success Questionnaire (POSQ),2020-09,International Journal of Environmental Research and Public Health
126,Paweł Kleka,https://orcid.org/0000-0003-0841-0015,https://doi.org/10.3390/ijerph17103593,Psychometric Properties of the Polish Version of Task and Ego Orientation in Sport Questionnaire (TEOSQ),2020-05,International Journal of Environmental Research and Public Health
127,Paweł Kleka,https://orcid.org/0000-0003-0841-0015,https://doi.org/10.5709/acp-0278-y,Becoming Aware of One's Own Biases in Emerging Adulthood - A Longitudinal Study. Metacognitive Approach,2019,Advances in Cognitive Psychology
128,Paweł Kleka,https://orcid.org/0000-0003-0841-0015,https://doi.org/10.34768/dma.vi20.22,Czy studenci uczą się przewidywania swoich ocen semestralnych? Rola błędu 'przeszacowanej pewności' w trafności szacowania własnych osiągnięć edukacyjnych,2019,Dyskursy Młodych Andragogów
129,Paweł Kleka,https://orcid.org/0000-0003-0841-0015,empty,Czy studenci uczą się przewidywania swoich ocen semestralnych? Rola błędu 'przeszacowanej pewnósci' w trafnósci szacowania własnych osiągnięć edukacyjnych,2019,Dyskursy Młodych Andragogów
130,Paweł Kleka,https://orcid.org/0000-0003-0841-0015,empty,Development of the cancer-patient social support questionnaire: reliability and validity,2019,Psychiatria
131,Paweł Kleka,https://orcid.org/0000-0003-0841-0015,empty,Development of the cancer-patient social support questionnaire: Reliability and validity,2019,Psychiatria
132,Paweł Kleka,https://orcid.org/0000-0003-0841-0015,empty,Opracowanie oraz analiza trafnosci i rzetelnosci Kwestionariusza Wsparcia Społecznego Pacjent-Opiekun,2019,Psychiatria
133,Paweł Kleka,https://orcid.org/0000-0003-0841-0015,https://doi.org/10.3389/feduc.2019.00117,Metacognitive Self and Motivation to Seek Diagnostic Information About the Self: A Longitudinal Study,2019-10,Frontiers in Education
134,Paweł Kleka,https://orcid.org/0000-0003-0841-0015,https://doi.org/10.1371/journal.pone.0220606,The accuracy of lung auscultation in the practice of physicians and medical students,2019-08,PLOS ONE
135,Paweł Kleka,https://orcid.org/0000-0003-0841-0015,https://doi.org/10.14254/2071-789x.2019/12-1/12,The metacognitive self: The role of motivation and an updated measurement tool,2019-03,Economics & Sociology
136,Paweł Kleka,https://orcid.org/0000-0003-0841-0015,https://doi.org/10.18148/srm/2018.v12i2.7224,How to Abbreviate Questionnaires and Avoid the Sins?,2018,Survey Research Methods
137,Paweł Kleka,https://orcid.org/0000-0003-0841-0015,empty,Mentalne wzorce relacyjne jako predyktory statusu związku studiujących kobiet,2018,Studia Edukacyjne
138,Paweł Kleka,https://orcid.org/0000-0003-0841-0015,https://doi.org/10.14746/se.2018.47.15,Mentalne wzorce relacyjne jako predyktory statusu związku studiujących kobiet,2018,Studia edukacyjne
139,Paweł Kleka,https://orcid.org/0000-0003-0841-0015,https://doi.org/10.5114/cipp.2018.80199,Patterns of intentional faking in questionnaire-based study of psychopathy,2018,Current Issues in Personality Psychology
140,Paweł Kleka,https://orcid.org/0000-0003-0841-0015,https://doi.org/10.5114/cipp.2018.80201,Verbal fluency and emotional expression in young women differing in their styles of coping with threatening stimuli,2018,Current Issues in Personality Psychology
141,Paweł Kleka,https://orcid.org/0000-0003-0841-0015,https://doi.org/10.18559/soep.2018.3.5,Założenia koncepcyjne oraz cechy psychometryczne kwestionariusza do badania funkcjonalnego aspektu metakompetencji negocjacyjnych (TMOK),2018,Studia Oeconomica Posnaniensia
142,Paweł Kleka,https://orcid.org/0000-0003-0841-0015,empty,Założenia koncepcyjne oraz cechy psychometryczne kwestionariusza do badania funkcjonalnego aspektu metakompetencji negocjacyjnych (TMOK),2018,Studia Oeconomica Posnaniensia
143,Paweł Kleka,https://orcid.org/0000-0003-0841-0015,https://doi.org/10.2478/plc-2018-0014,Efficiency of Executive Functions and Literacy Among Children With Specific Language Impairment,2018-09-01,Psychology of Language and Communication
144,Paweł Kleka,https://orcid.org/0000-0003-0841-0015,https://doi.org/10.20883/jms.2017.212,The influence of alendronate therapy on the quality of life in postmenopausal women with reduced bone mineral density,2018-03,Journal of Medical Science
145,Paweł Kleka,https://orcid.org/0000-0003-0841-0015,https://doi.org/10.12740/pp/onlinefirst/65750,Level of personality integration in psychopathy,2018-02,Psychiatria Polska
146,Paweł Kleka,https://orcid.org/0000-0003-0841-0015,https://doi.org/10.1016/j.apacoust.2017.08.003,The influence of audio-visual interactions on the annoyance ratings for wind turbines,2018-01,Applied Acoustics
147,Paweł Kleka,https://orcid.org/0000-0003-0841-0015,https://doi.org/10.1080/87565641.2017.1417412,Correspondence and cluster analysis of free-drawn clocks in a group of children and adolescents with neurological and psychiatric diseases,2017,Developmental Neuropsychology
148,Paweł Kleka,https://orcid.org/0000-0003-0841-0015,https://doi.org/10.14656/pfp20170107,Skala Spontaniczność-Reaktywność (S-RS): konstrukcja i właściwości psychometryczne,2017,Polskie Forum Psychologiczne
149,Paweł Kleka,https://orcid.org/0000-0003-0841-0015,empty,Skala Spontanicznósć-Reaktywnósć (S-RS): podstawowe założenia i badania,2017,Polskie Forum Psychologiczne
150,Paweł Kleka,https://orcid.org/0000-0003-0841-0015,https://doi.org/10.14691/cppj.23.1.97,Student wobec oczekiwań dorosłości,2017,Czasopismo Psychologiczne
151,Paweł Kleka,https://orcid.org/0000-0003-0841-0015,empty,Student wobec oczekiwań dorosłósci,2017,Czasopismo Psychologiczne
152,Paweł Kleka,https://orcid.org/0000-0003-0841-0015,https://doi.org/10.1515/ppb-2017-0058,"Shortening of psychological tests – assumptions, methods and doubts",2017-01,Polish Psychological Bulletin
153,MICHAŁ KOSAKOWSKI,https://orcid.org/0000-0002-7016-5914,https://doi.org/10.1080/17439760.2021.1885054,Give and take: The role of reciprocity in capitalization,2021,Journal of Positive Psychology
154,MICHAŁ KOSAKOWSKI,https://orcid.org/0000-0002-7016-5914,https://doi.org/10.1007/s10902-020-00218-8,Gratitude Texting Touches the Heart: Challenge/Threat Cardiovascular Responses to Gratitude Expression Predict Self-initiation of Gratitude Interventions in Daily Life,2021,Journal of Happiness Studies
155,MICHAŁ KOSAKOWSKI,https://orcid.org/0000-0002-7016-5914,https://doi.org/10.1007/s10902-021-00389-y,"Positive Emotions Boost Enthusiastic Responsiveness to Capitalization Attempts. Dissecting Self-Report, Physiology, and Behavior",2021,Journal of Happiness Studies
156,MICHAŁ KOSAKOWSKI,https://orcid.org/0000-0002-7016-5914,https://doi.org/10.1016/j.psychsport.2019.101584,Social challenge and threat predict performance and cardiovascular responses during competitive video gaming,2020-01,Psychology of Sport and Exercise
157,MICHAŁ KOSAKOWSKI,https://orcid.org/0000-0002-7016-5914,https://doi.org/10.1016/j.ijpsycho.2019.01.008,High-approach and low-approach positive affect influence physiological responses to threat and anger,2019,International Journal of Psychophysiology
158,MICHAŁ KOSAKOWSKI,https://orcid.org/0000-0002-7016-5914,https://doi.org/10.1007/s12144-019-00264-3,Splitting the affective atom: Divergence of valence and approach-avoidance motivation during a dynamic emotional experience,2019,Current Psychology
159,MICHAŁ KOSAKOWSKI,https://orcid.org/0000-0002-7016-5914,https://doi.org/10.1111/psyp.13318,Effects of emotions on heart rate asymmetry,2019-04,Psychophysiology
160,Marek Kowalczyk,https://orcid.org/0000-0002-5735-4585,https://doi.org/10.1080/1612197x.2020.1766538,Mind-wandering during long-distance running and mood change. The role of working memory capacity and temporal orientation of thoughts,2020-05-22,International Journal of Sport and Exercise Psychology
161,Marek Kowalczyk,https://orcid.org/0000-0002-5735-4585,empty,"Mind wandering, activity, and current concerns among adults of different ages. A study using the Task-Unrelated Thoughts Questionnaire",2019,Przegląd Psychologiczny/Review of Psychology
162,Marek Kowalczyk,https://orcid.org/0000-0002-5735-4585,https://doi.org/10.1080/09658211.2016.1219750,Impaired memory for material related to a problem solved prior to encoding: suppression at learning or interference at recall?,2017-07-03,Memory
163,Grzegorz Króliczak,https://orcid.org/0000-0001-6121-0536,https://doi.org/10.1016/j.cortex.2021.03.022,"Manual praxis and language-production networks, and their links to handedness",2021-07,Cortex
164,Grzegorz Króliczak,https://orcid.org/0000-0001-6121-0536,https://doi.org/10.5604/01.3001.0013.9738,Praxis and language organization in left-handers,2020,Acta Neuropsychologica
165,Grzegorz Króliczak,https://orcid.org/0000-0001-6121-0536,https://doi.org/10.1098/rsos.201131,The behavioural challenge of the COVID-19 pandemic: indirect measurements and personalized attitude changing treatments (IMPACT),2020-08,Royal Society Open Science
166,Grzegorz Króliczak,https://orcid.org/0000-0001-6121-0536,https://doi.org/10.3389/fpsyg.2020.01930,Mental Shopping Calculations: A Transcranial Magnetic Stimulation Study,2020-08-04,Frontiers in Psychology
167,Grzegorz Króliczak,https://orcid.org/0000-0001-6121-0536,https://doi.org/10.5114/hpr.2020.92718,Functional lateralization of tool-sound and action-word processing in a bilingual brain,2020-01-31,Health Psychology Report
168,Grzegorz Króliczak,https://orcid.org/0000-0001-6121-0536,https://doi.org/10.3389/fpsyg.2019.00930,"Editorial: Manual skills, handedness, and the organization of language in the brain",2019,Frontiers in Psychology
169,Grzegorz Króliczak,https://orcid.org/0000-0001-6121-0536,https://doi.org/10.1016/j.mex.2019.06.003,Manual Grasparatus: A nifty tool for presenting real objects in fMRI research,2019,MethodsX
170,Grzegorz Króliczak,https://orcid.org/0000-0001-6121-0536,https://doi.org/10.1016/j.neuroimage.2019.03.043,The neural underpinnings of haptically guided functional grasping of tools: An fMRI study,2019,NeuroImage
171,Grzegorz Króliczak,https://orcid.org/0000-0001-6121-0536,https://doi.org/10.21307/ane-2019-036,When is the brain ready for mental actions? Readiness potential for mental calculations,2019,Acta Neurobiologiae Experimentalis
172,Grzegorz Króliczak,https://orcid.org/0000-0001-6121-0536,https://doi.org/10.1016/j.cortex.2018.10.010,The temporal involvement of the left supramarginal gyrus in planning functional grasps: A neuronavigated TMS study.,2018-10,"Cortex, a journal devoted to the study of the nervous system and behavior"
173,Grzegorz Króliczak,https://orcid.org/0000-0001-6121-0536,https://doi.org/10.1017/s1355617718000590,Decoding Brain States for Planning Functional Grasps of Tools: A Functional Magnetic Resonance Imaging Multivoxel Pattern Analysis Study.,2018-09,Journal of the International Neuropsychological Society : JINS
174,Grzegorz Króliczak,https://orcid.org/0000-0001-6121-0536,https://doi.org/10.1016/j.neuropsychologia.2017.04.019,Numbers and functional lateralization: A visual half-field and dichotic listening study in proficient bilinguals,2017,Neuropsychologia
175,Grzegorz Króliczak,https://orcid.org/0000-0001-6121-0536,https://doi.org/10.1017/s1355617716001120,Planning Functional Grasps of Simple Tools Invokes the Hand-independent Praxis Representation Network: An fMRI Study,2017,Journal of the International Neuropsychological Society
176,Grzegorz Króliczak,https://orcid.org/0000-0001-6121-0536,https://doi.org/10.3389/fnins.2017.00525,Unique Neural Characteristics of Atypical Lateralization of Language in Healthy Individuals.,2017,Frontiers in neuroscience
177,Grzegorz Króliczak,https://orcid.org/0000-0001-6121-0536,https://doi.org/10.23736/s0022-4707.17.07556-9,Evaluation of the effectiveness of a transfer (interhemispheric) training program in the early stages of fencing training.,2017-07,The Journal of sports medicine and physical fitness
178,Agnieszka Ewa Łyś,https://orcid.org/0000-0001-8346-1862,https://doi.org/10.1007/s11211-021-00373-0,Beliefs on Sexual Violence in the Context of System Justification Theory: The Role of Hostile Sexism and Beliefs in Biological Origins of Gender Differences,2021-07-21,Social Justice Research
179,Natalia Nowaczyk,https://orcid.org/0000-0002-2373-0386,https://doi.org/10.5603/pjnns.a2018.0001,Spatial distribution of white matter degenerative lesions and cognitive dysfunction in relapsing-remitting multiple sclerosis patients,2019,Neurologia i Neurochirurgia Polska
180,Natalia Nowaczyk,https://orcid.org/0000-0002-2373-0386,https://doi.org/10.5604/01.3001.0012.6015,Effects of neuropsychological therapy in a school-aged child with autoimmune drug-resistant epilepsy: A case study,2018,Acta Neuropsychologica
181,Natalia Nowaczyk,https://orcid.org/0000-0002-2373-0386,https://doi.org/10.5604/01.3001.0011.7089,"The clinical image of memory, attention, and executive functions in a school-aged child with autoimmune epilepsy: A case study",2018,Acta Neuropsychologica
182,Natalia Nowaczyk,https://orcid.org/0000-0002-2373-0386,https://doi.org/10.1515/ppb-2017-0041,Resources evaluation in patients with multiple sclerosis: A moderation effect of time since diagnosis,2017,Polish Psychological Bulletin
183,Natalia Nowaczyk,https://orcid.org/0000-0002-2373-0386,empty,EVENT-RELATED POTENTIALS STUDIES OF PTSD AFTER INFECTION OF SARS-COV-2 AND NEUROCOVID-19,unrecovered,Acta Neuropsychologica
184,Natalia Nowaczyk,https://orcid.org/0000-0002-2373-0386,empty,Frontal and callosal white matter changes and their potential effects on neurocognitive functioning in alcohol addicts: A meta-analysis.,unrecovered,Acta Neuropsychologica
185,Monika Obrębska,https://orcid.org/0000-0003-0457-5402,https://doi.org/10.14746/cis.2021.51.1,Blisko czy na dystans? Psychologiczne aspekty relacji międzyludzkich,2021,Człowiek i Społeczeństwo
186,Monika Obrębska,https://orcid.org/0000-0003-0457-5402,https://doi.org/10.1037/drm0000167,Stress as a moderator of the relationship between alexithymia and dreaming: Research findings.,2021-06,Dreaming
187,Monika Obrębska,https://orcid.org/0000-0003-0457-5402,https://doi.org/10.14746/cis.2021.51.12,Gdy słowo dzieli. Mowa pogardy i nienawiści w relacjach między ludźmi,2021-03-15,Człowiek i Społeczeństwo
188,Monika Obrębska,https://orcid.org/0000-0003-0457-5402,https://doi.org/10.14746/cis.2020.49.1,Wprowadzenie,2020,Człowiek i Społeczeństwo
189,Monika Obrębska,https://orcid.org/0000-0003-0457-5402,https://doi.org/10.14746/cis.2020.50.9,Jakość komunikacji w związku a kompensująca rola aktywności w sieci,2020-12-15,Człowiek i Społeczeństwo
190,Monika Obrębska,https://orcid.org/0000-0003-0457-5402,https://doi.org/10.17951/j.2020.33.3.9-20,"Contempt Speech and Hate Speech: Characteristics, Determinants and Consequences",2020-10-31,"Annales Universitatis Mariae Curie-Skłodowska, sectio J – Paedagogia-Psychologia"
191,Monika Obrębska,https://orcid.org/0000-0003-0457-5402,https://doi.org/10.17951/j.2020.33.3.221-233,Dream Experiences in Alexithymia,2020-10-31,"Annales Universitatis Mariae Curie-Skłodowska, sectio J – Paedagogia-Psychologia"
192,Monika Obrębska,https://orcid.org/0000-0003-0457-5402,https://doi.org/10.14746/il.2018.42.1,Czy dwujęzyczność sprzyja kreatywności? Doniesienie z badań,2019,Investigationes Linguisticae
193,Monika Obrębska,https://orcid.org/0000-0003-0457-5402,empty,"Zawiść versus uwielbienie, czyli bohaterowie i celebryci zwierciadłem emocji społecznych",2019,Fabrica Societatis
194,Monika Obrębska,https://orcid.org/0000-0003-0457-5402,https://doi.org/10.17951/j.2018.31.4.51-64,"Sisu – emocja kulturowa, schemat poznawczy czy słowo klucz do tożsamości Finów?",2019-04-26,"Annales Universitatis Mariae Curie-Skłodowska, sectio J – Paedagogia-Psychologia"
195,Monika Obrębska,https://orcid.org/0000-0003-0457-5402,https://doi.org/10.19195/fs.19.2.172.189,"Zawiść versus uwielbienie, czyli bohaterowie i celebryci zwierciadłem emocji społecznych",2019-01-01,Fabrica Societatis
196,Monika Obrębska,https://orcid.org/0000-0003-0457-5402,empty,Ciało w kulturze narcyzmu,2018,Studia Kulturoznawcze
197,Monika Obrębska,https://orcid.org/0000-0003-0457-5402,https://doi.org/10.14746/cis.2018.45.1,Oblicza współczesności: od problemów do zadań,2018,Człowiek i Społeczeństwo
198,Monika Obrębska,https://orcid.org/0000-0003-0457-5402,https://doi.org/10.5114/cipp.2018.80201,Verbal fluency and emotional expression in young women differing in their styles of coping with threatening stimuli,2018,Current Issues in Personality Psychology
199,Monika Obrębska,https://orcid.org/0000-0003-0457-5402,empty,"Współczesne tabu językowe, czyli o czym nie mówią Polacy",2018,Człowiek i Społeczeństwo
200,Monika Obrębska,https://orcid.org/0000-0003-0457-5402,https://doi.org/10.1515/plc-2017-0003,Explainers as an indicator of defensive attitude to experienced anxiety in young women differing in their styles of coping with threatening stimuli,2017,Psychology of Language and Communication
201,Monika Obrębska,https://orcid.org/0000-0003-0457-5402,https://doi.org/10.17651/socjoling.31.7,"Język, płeć i władza. Analiza leksykalna przemówień programowych polskich premierów",2017,Socjolingwistyka
202,Monika Obrębska,https://orcid.org/0000-0003-0457-5402,empty,"Język, płeć i władza. Analiza leksykalna przemówień programowych polskich premierów",2017,Socjolingwistyka
203,Monika Obrębska,https://orcid.org/0000-0003-0457-5402,https://doi.org/10.14691/cppj.23.1.167,Językowy obraz przyjaźni studentów polskich i ukraińskich,2017,Czasopismo Psychologiczne
204,Piotr Olesiński,https://orcid.org/0000-0002-3320-9092,empty,RELACJA INTYMNA OSÓB HOMOSEKSUALNYCH ORAZ TRUDNOŚCI W JEJ NAWIĄZYWANIU I UTRZYMANIU,unrecovered,
205,Piotr Olesiński,https://orcid.org/0000-0002-3320-9092,https://doi.org/10.4467/20843879pr.13.007.1180,Rozwojowe ujęcie Trójczynnikowej Teorii Miłości Sternberga – trójwarstwowa miłość,unrecovered,
206,Aleksandra Parobkiewicz-Jasielska,https://orcid.org/0000-0001-7874-5086,https://doi.org/10.1159/000516181,Dysfunctional coping mediates the relationship between stress and mental health in health care staff working amid COVID-19 pandemic,2021,Medical Principles and Practice
207,Aleksandra Parobkiewicz-Jasielska,https://orcid.org/0000-0001-7874-5086,https://doi.org/10.1007/s11414-021-09761-5,Mental Health Outcomes Associated with COVID-19 Pandemic in a Group of Health Care Professionals,2021,Journal of Behavioral Health Services & Research
208,Aleksandra Parobkiewicz-Jasielska,https://orcid.org/0000-0001-7874-5086,https://doi.org/10.3390/ijerph182312830,Mediating Role of Stress at Work in the Relationship of Alexithymia and PTSD among Emergency Call Operators,2021-12-05,International Journal of Environmental Research and Public Health
209,Aleksandra Parobkiewicz-Jasielska,https://orcid.org/0000-0001-7874-5086,https://doi.org/10.20883/medical.e515,Posttraumatic Stress Disorder symptoms in persons involved in road accidents and paramedics,2021-06-29,Journal of Medical Science
210,Aleksandra Parobkiewicz-Jasielska,https://orcid.org/0000-0001-7874-5086,https://doi.org/10.14746/cis.2021.51.4,Komercjalizacja tacierzyństwa. Relacja ojca z dzieckiem na tle działań marketingowych,2021-03-15,Człowiek i Społeczeństwo
211,Aleksandra Parobkiewicz-Jasielska,https://orcid.org/0000-0001-7874-5086,https://doi.org/10.17951/j.2020.33.3.83-104,Cultural Differences between Poland and the United States Found Through the Use of Hofstede’s Model – Brief Report,2020-10-31,"Annales Universitatis Mariae Curie-Skłodowska, sectio J – Paedagogia-Psychologia"
212,Aleksandra Parobkiewicz-Jasielska,https://orcid.org/0000-0001-7874-5086,https://doi.org/10.1075/target.17123.kor,Investigating interpreters’ empathy: Are emotions in simultaneous interpreting contagious?,2019,Target-International Journal of Translation Studies
213,Aleksandra Parobkiewicz-Jasielska,https://orcid.org/0000-0001-7874-5086,https://doi.org/10.13075/mp.5893.00757,Specyficzne korelaty i ogólny mechanizm psychologiczny zespołu stresu pourazowego u ratowników medycznych,2019,Medycyna Pracy
214,Aleksandra Parobkiewicz-Jasielska,https://orcid.org/0000-0001-7874-5086,https://doi.org/10.1080/02560046.2019.1627471,The Representation of Models of Emotion in Damien Hirst's Works of Art,2019,Critical Arts-South-North Cultural and Media Studies
215,Aleksandra Parobkiewicz-Jasielska,https://orcid.org/0000-0001-7874-5086,https://doi.org/10.1155/2019/2069716,Psychosocial Predictors of Bruxism,2019-10-13,BioMed Research International
216,Aleksandra Parobkiewicz-Jasielska,https://orcid.org/0000-0001-7874-5086,https://doi.org/10.17951/j.2018.31.4.139-159,„Podróżą każda miłość jest”. Akceptacja metafor miłości przez kobiety w kontekście twórczości emocjonalnej – doniesienie wstępne,2019-04-26,"Annales Universitatis Mariae Curie-Skłodowska, sectio J – Paedagogia-Psychologia"
217,Aleksandra Parobkiewicz-Jasielska,https://orcid.org/0000-0001-7874-5086,https://doi.org/10.14746/se.2018.48.17,Deficyty emocjonalne młodych dorosłych wychowanków rodzin zastępczych,2018,Studia edukacyjne
218,Aleksandra Parobkiewicz-Jasielska,https://orcid.org/0000-0001-7874-5086,empty,Dla kogo Brand Hero? O wpływie bohatera marki dziecięcej na intencje zakupowe osób dorosłych,2018,Człowiek i Społeczeństwo
219,Aleksandra Parobkiewicz-Jasielska,https://orcid.org/0000-0001-7874-5086,empty,Habitual worry as a factor sustaining depressive symptoms in patients with rheumatoid arthritis,2018,Przegląd Psychologiczny
220,Aleksandra Parobkiewicz-Jasielska,https://orcid.org/0000-0001-7874-5086,empty,Konsumenckie e-rodzicielstwo czyli konsumencka aktywność e-rodziców w Internecie,2018,Marketing i Rynek
221,Aleksandra Parobkiewicz-Jasielska,https://orcid.org/0000-0001-7874-5086,https://doi.org/10.14746/cis.2018.45.1,Oblicza współczesności: od problemów do zadań,2018,Człowiek i Społeczeństwo
222,Aleksandra Parobkiewicz-Jasielska,https://orcid.org/0000-0001-7874-5086,https://doi.org/10.4467/25439561.np.18.037.9875,Pakiet zadań wymagających stosowania wiedzy o emocjach podstawowych-prezentacja narzędzia pomiarowego WE06,2018,Niepełnosprawność. Półrocznik naukowy
223,Aleksandra Parobkiewicz-Jasielska,https://orcid.org/0000-0001-7874-5086,empty,Poznawcza Reprezentacja choroby a funkcjonowanie osób z chorobą niedokrwienną serca,2018,"Acta Bio-Optica et Informatica Medica, Inżynieria Biomedyczna"
224,Aleksandra Parobkiewicz-Jasielska,https://orcid.org/0000-0001-7874-5086,https://doi.org/10.14746/se.2018.47.17,Wiedza na temat smutku u dzieci z różnym poziomem rozwoju intelektualnego,2018,Studia edukacyjne
225,Aleksandra Parobkiewicz-Jasielska,https://orcid.org/0000-0001-7874-5086,empty,„Podróżą każda miłość jest.” Akceptacja metafor miłości przez kobiety w kontekście twórczości emocjonalnej- doniesienie wstępne,2018,"Annales Universitatis Mariae Curie-Skłodowska. Sectio J, Paedagogia-Psychologia"
226,Aleksandra Parobkiewicz-Jasielska,https://orcid.org/0000-0001-7874-5086,https://doi.org/10.1515/ppb-2017-0019,Knowledge about the joy in children with mild intellectual disability,2017,Polish Psychological Bulletin
227,Aleksandra Parobkiewicz-Jasielska,https://orcid.org/0000-0001-7874-5086,empty,Skuteczność działań marketingowych wykorzystujących seksualizację wizerunku dziewczynek w promowaniu produktów dla dzieci,2017,"Dziecko krzywdzone. Teoria, badania, praktyka."
228,Aleksandra Pilarska,https://orcid.org/0000-0002-9507-8710,https://doi.org/10.12740/pp/118006,A shortened version of the Indirect Self-Destructiveness Scale ISDS-25,2021-10-31,Psychiatria Polska
229,Aleksandra Pilarska,https://orcid.org/0000-0002-9507-8710,https://doi.org/10.31820/pt.29.2.5,Sense of identity and self-control: The Mediating Role of Goal Characteristics,2020,Psihologijske teme
230,Aleksandra Pilarska,https://orcid.org/0000-0002-9507-8710,https://doi.org/10.4467/20843879pr.19.002.10593,Przywiązanie i kompetencje samoopiekuńcze w wyjaśnianiu pośredniej autodestrukcyjności,2019,Psychologia Rozwojowa
231,Aleksandra Pilarska,https://orcid.org/0000-0002-9507-8710,https://doi.org/10.1177/0033294119850481,"Assessing Individual Variation in Action Identification: Translation, Validation, and Shortening of the Polish Behavior Identification Form (BIF)",2019-05-27,Psychological Reports
232,Aleksandra Pilarska,https://orcid.org/0000-0002-9507-8710,https://doi.org/10.24425/119476,Psychometric properties and correlates of the Polish version of the Self-Control Scale (SCS),2018,Polish Psychological Bulletin
233,Aleksandra Pilarska,https://orcid.org/0000-0002-9507-8710,https://doi.org/10.1016/j.paid.2018.01.049,Big-Five personality and aspects of the self-concept: Variable- and person-centered approaches,2018-06,Personality and Individual Differences
234,Aleksandra Pilarska,https://orcid.org/0000-0002-9507-8710,https://doi.org/10.7366/1896180020174105,Problem adaptacyjnej wartości empatii w kontekście jej związków z poziomem organizacji osobowości,2017,Psychologia Społeczna
235,Aleksandra Pilarska,https://orcid.org/0000-0002-9507-8710,https://doi.org/10.1515/ppb-2017-0029,Effects of self-concept differentiation on sense of identity: The divided self revisited again,2017-06,Polish Psychological Bulletin
236,Robert Poklek,https://orcid.org/0000-0002-4727-8806,empty,Wykorzystanie monitoringu wizyjnego w zapobieganiu samobójstwom więźniów w kontekście odpowiedzialności funkcjonariuszy pełniących służbę na stanowisku „monitorowego”,2021-02,Ochrona i Bezpieczeństwo
237,Robert Poklek,https://orcid.org/0000-0002-4727-8806,https://doi.org/10.5604/01.3001.0014.3201,The Sense of Security of the Prison Service Officers,2020-07-22,Internal Security
238,Robert Poklek,https://orcid.org/0000-0002-4727-8806,https://doi.org/10.19195/2083-7763.10.17,Motywacja zawodowa funkcjonariuszy rozpoczynających pracę w więziennictwie,2020-05-11,Forum Socjologiczne
239,Robert Poklek,https://orcid.org/0000-0002-4727-8806,https://doi.org/10.24425/ppb.2019.130701,"Predicting the Role of Personality Traits, Organizational Factors, and Strategies for Coping with Stress in Job Satisfaction in Correctional Services",2019,Committee for Psychological Science PAS
240,Robert Poklek,https://orcid.org/0000-0002-4727-8806,https://doi.org/10.14746/se.2018.51.26,Grupowe oddziaływania penitencjarne na przykładzie programu dla skazanych młodocianych „Efekt motyla” ,2018,Studia Edukacyjne
241,Robert Poklek,https://orcid.org/0000-0002-4727-8806,empty,Rola jednostek penitencjarnych w rozwijaniu potencjału readaptacyjnego i reintegracyjnego skazanych,2018,Social Studies: Theory and Practice
242,Robert Poklek,https://orcid.org/0000-0002-4727-8806,https://doi.org/10.22432/pjsr.2017.14.04,Badania osobopoznawcze w penitencjarystyce,2017,RESOCJALIZACJA POLSKA / POLISH JOURNAL OF SOCIAL REHABILITATION
243,Łukasz Przybylski,https://orcid.org/0000-0002-1951-2159,https://doi.org/10.1016/j.erss.2019.101344,"Culture, conformity, and carbon? A multi-country analysis of heating and cooling practices in office buildings",2020,Energy Research and Social Science
244,Łukasz Przybylski,https://orcid.org/0000-0002-1951-2159,https://doi.org/10.1017/s1355617718000590,Decoding Brain States for Planning Functional Grasps of Tools: A Functional Magnetic Resonance Imaging Multivoxel Pattern Analysis Study,2018,Journal of the International Neuropsychological Society
245,Łukasz Przybylski,https://orcid.org/0000-0002-1951-2159,https://doi.org/10.1017/s1355617716001120,Planning Functional Grasps of Simple Tools Invokes the Hand-independent Praxis Representation Network: An fMRI Study,2017,Journal of the International Neuropsychological Society
246,Łukasz Przybylski,https://orcid.org/0000-0002-1951-2159,https://doi.org/10.3389/fnins.2017.00525,Unique neural characteristics of atypical lateralization of language in healthy individuals,2017,Frontiers in Neuroscience
247,Adam Putko,https://orcid.org/0000-0001-7770-0046,https://doi.org/10.1186/s40359-021-00524-7,"Attachment security, verbal ability, and inhibitory control in middle childhood",2021-02-04,BMC Psychology
248,Adam Putko,https://orcid.org/0000-0001-7770-0046,https://doi.org/10.4467/20843879pr.20.003.12000,Ekspozycja na fabularną prozę a spontaniczna versus jawna mentalizacja,2020,Psychologia Rozwojowa
249,Adam Putko,https://orcid.org/0000-0001-7770-0046,https://doi.org/10.24425/ppb.2019.129451,Visual perspective-taking: Are theory of mind and executive function involved?,2019-08-30,Polish Psychological Bulletin
250,Małgorzata Rękosiewicz,https://orcid.org/0000-0002-3950-0649,https://doi.org/10.14746/se.2020.57.19,Czy orientacje życiowe studentów mediują relację między sumiennością jako cechą osobowości a osiągnięciami akademickimi? ,2020,Studia Edukacyjne
251,Małgorzata Rękosiewicz,https://orcid.org/0000-0002-3950-0649,https://doi.org/10.1007/s12144-018-9880-0,Identity development in people with mild intellectual disability: A short-term longitudinal study,2020,Current Psychology
252,Małgorzata Rękosiewicz,https://orcid.org/0000-0002-3950-0649,https://doi.org/10.18290/rpsych.2018.21.4-2,The role of social participation in the formation of identity in young people with mild intellectual disability and in intellectual norm: A comparative study,2018,Roczniki Psychologiczne
253,Błażej Smykowski,https://orcid.org/0000-0001-7231-2159,https://doi.org/10.14746/cis.2021.51.2,Znaczenie intymności i zaangażowania interpersonalnego w regulacji dystansu w związkach miłosnych we wczesnej dorosłości,2021-03-15,Człowiek i Społeczeństwo
254,Błażej Smykowski,https://orcid.org/0000-0001-7231-2159,https://doi.org/10.24425/nauka.2019.126183,Aktualizacja potencjału człowieka jako kryterium pomyślności jego rozwoju,2019,Nauka
255,Błażej Smykowski,https://orcid.org/0000-0001-7231-2159,https://doi.org/10.26881/pwe.2018.42.05,Znaczenie dla pedologii odkrycia przez Lwa S. Wygotskiego okresów kryzysu w kulturowym rozwoju dzieci i młodzieży,2018,Problemy Wczesnej Edukacji
256,Błażej Smykowski,https://orcid.org/0000-0001-7231-2159,https://doi.org/10.5604/01.3001.0010.5503,Eksperymentalna metoda podwójnej stymulacji w diagnozowaniu gotowości dzieci do uczenia się pod kierunkiem,2017,Psychologia Wychowawcza
257,Błażej Smykowski,https://orcid.org/0000-0001-7231-2159,https://doi.org/10.14656/pfp20170107,Skala Spontaniczność-Reaktywność (S-RS): konstrukcja i właściwości psychometryczne,2017,Polskie Forum Psychologiczne
258,Błażej Smykowski,https://orcid.org/0000-0001-7231-2159,https://doi.org/10.14691/cppj.23.1.97,Student wobec oczekiwań dorosłości,2017,Czasopismo Psychologiczne
259,Emilia Soroko,https://orcid.org/0000-0003-3527-1698,https://doi.org/10.26774/wrhm.269,Wywiad historyczny. Propozycja metody badawczej,2021-06-18,Wrocławski Rocznik Historii Mówionej
260,Emilia Soroko,https://orcid.org/0000-0003-3527-1698,https://doi.org/10.1007/s10447-020-09405-x,Shaping Social and Psychological Competencies or Intervening in a Crisis? Sociotherapists’ Experiences of Helping Adolescents in Poland,2020-12-12,International Journal for the Advancement of Counselling
261,Emilia Soroko,https://orcid.org/0000-0003-3527-1698,https://doi.org/10.17169/fqs-21.1.3432,Qualitative Content Analysis in Clinical Psychology to Explain the Pathomechanism of Personality Disorders,2020-01-28,Forum Qualitative Sozialforschung / Forum: Qualitative Social Research
262,Emilia Soroko,https://orcid.org/0000-0003-3527-1698,https://doi.org/10.14656/pfp20190406,Polska wersja kwestionariusza do badania świadomości tożsamości narracyjnej,2019,Polskie Forum Psychologiczne
263,Emilia Soroko,https://orcid.org/0000-0003-3527-1698,https://doi.org/10.5114/cipp.2018.80195,Beyond descriptions: selected aspects of science and practice in clinical psychology and personality psychopathology,2018,Current Issues in Personality Psychology
264,Emilia Soroko,https://orcid.org/0000-0003-3527-1698,https://doi.org/10.18148/srm/2018.v12i2.7224,How to avoid the sins of questionnaires abridgement?,2018,Survey Research Methods
265,Emilia Soroko,https://orcid.org/0000-0003-3527-1698,https://doi.org/10.5114/cipp.2018.80198,Levels of personality organization and internal relational patterns,2018,Current Issues in Personality Psychology
266,Emilia Soroko,https://orcid.org/0000-0003-3527-1698,https://doi.org/10.5114/cipp.2017.70141,Evidence-based assessment in a transtheoretical and paradigmatic approach,2017,Current Issues in Personality Psychology
267,Emilia Soroko,https://orcid.org/0000-0003-3527-1698,https://doi.org/10.1037/pap0000117,Between verbalization and reflection: Referential activity and narrative processes in borderline personality organization.,2017-10,Psychoanalytic Psychology
268,Filip Szumski,https://orcid.org/0000-0002-0916-6993,https://doi.org/10.1037/neu0000703,Deviant sexual interests but not antisocial behaviors are associated with deficits in executive functioning in individuals convicted of sexual offenses against children,2020,Neuropsychology
269,Filip Szumski,https://orcid.org/0000-0002-0916-6993,https://doi.org/10.12740/pp/116908,High or very high recidivism risk? The possibilities of recidivism risk assessment under the Polish SVP law (the Act of 22 November 2013),2020-12-31,Psychiatria Polska
270,Filip Szumski,https://orcid.org/0000-0002-0916-6993,https://doi.org/10.1080/00224499.2019.1669523,Encountering an Exhibitionist: The Female Victim’s Perspective,2020-06-12,The Journal of Sex Research
271,Filip Szumski,https://orcid.org/0000-0002-0916-6993,https://doi.org/10.1016/j.avb.2018.02.001,Distorted cognition related to male sexual offending: The multi-mechanism theory of cognitive distortions (MMT-CD),2018-03,Aggression and Violent Behavior
272,Mariusz Urbański,https://orcid.org/0000-0002-8682-5307,https://doi.org/10.1007/s11225-021-09963-0,An Abductive Question-Answer System for the Minimal Logic of Formal Inconsistency $$\mathsf {mbC}$$,2021,Studia Logica
273,Mariusz Urbański,https://orcid.org/0000-0002-8682-5307,https://doi.org/10.21146/2074-1472-2020-26-2-106-115,"Formal modeling of human reasoning: errors, limitations and Baconian bees",2020-12-13,Logical Investigations
274,Mariusz Urbański,https://orcid.org/0000-0002-8682-5307,https://doi.org/10.1177/1609406920909674,Find Out A New Method to Study Abductive Reasoning in Empirical Research,2020-01-01,International Journal of Qualitative Methods
275,Mariusz Urbański,https://orcid.org/0000-0002-8682-5307,https://doi.org/10.1093/jigpal/jzz037,Abductive reasoning: let’s Find Out some models,2019-12-18,Logic Journal of the IGPL
276,Mariusz Urbański,https://orcid.org/0000-0002-8682-5307,https://doi.org/10.12775/rf.2019.021,"""Jak na to wpadłeś, Holmesie?”. Inferencyjna Logika Pytań w formalnym modelowaniu rozwiązywania problemów w dochodzeniach Sherlocka Holmesa",2019-06-22,Ruch Filozoficzny
277,Mariusz Urbański,https://orcid.org/0000-0002-8682-5307,https://doi.org/10.12775/llp.2018.015,"An introduction to the special issue on logic, cognition and argumentation",2018,Logic and Logical Philosophy
278,Mariusz Urbański,https://orcid.org/0000-0002-8682-5307,https://doi.org/10.1007/s11245-016-9381-4,Assessing Levels of Epistemological Understanding: The Standardized Epistemological Understanding Assessment (SEUA),2018,
279,Mariusz Urbański,https://orcid.org/0000-0002-8682-5307,https://doi.org/10.26333/sts.xxxii1.03,Modelowanie rozumowań abdukcyjnych: przypadek gry Takie Życie,2018,Studia Semiotyczne
280,Mariusz Urbański,https://orcid.org/0000-0002-8682-5307,https://doi.org/10.12775/llp.2018.016,Abduction: Some Conceptual Issues,2018-11-17,Logic and Logical Philosophy
281,Mariusz Urbański,https://orcid.org/0000-0002-8682-5307,https://doi.org/10.12775/llp.2018.010,Epistemic Erotetic Search Scenarios,2018-07-26,Logic and Logical Philosophy
282,Mariusz Urbański,https://orcid.org/0000-0002-8682-5307,https://doi.org/10.12775/llp.2017.025,An introduction to the special issue on question processing,2017,Logic and Logical Philosophy
283,Mariusz Urbański,https://orcid.org/0000-0002-8682-5307,https://doi.org/10.15398/jlm.v5i3.190,Erotetic Reasoning  Corpus. A data set for research on natural question processing,2017,Journal of Language Modelling
284,Mariusz Urbański,https://orcid.org/0000-0002-8682-5307,https://doi.org/10.12775/llp.2017.015,Yet Another Shade of Deduction. On measuring deductive flexibility and how it may relate to other cognitive abilities,2017-05-24,Logic and Logical Philosophy
285,Julita Wojciechowska,https://orcid.org/0000-0003-1678-3954,https://doi.org/10.14746/cis.2020.49.12,"Humanista w dobrym kontakcie, czyli o tutoringu akademickim",2020-06-15,Człowiek i Społeczeństwo
286,Michał Ziarko,https://orcid.org/0000-0002-7530-3167,https://doi.org/10.1159/000516181,Dysfunctional Coping Mediates the Relationship between Stress and Mental Health in Health-Care Staff Working amid the COVID-19 Pandemic,2021,Medical Principles and Practice
287,Michał Ziarko,https://orcid.org/0000-0002-7530-3167,https://doi.org/10.20883/medical.e515,Posttraumatic Stress Disorder symptoms in persons involved in road accidents and paramedics,2021-06-29,Journal of Medical Science
288,Michał Ziarko,https://orcid.org/0000-0002-7530-3167,https://doi.org/10.20883/medical.e509,Worry and the level of depression among patients with type 1 diabetes mellitus. The mediating role of illness acceptance,2021-06-29,Journal of Medical Science
289,Michał Ziarko,https://orcid.org/0000-0002-7530-3167,https://doi.org/10.1007/s11414-021-09761-5,Mental Health Outcomes Associated with COVID-19 Pandemic in a Group of Health Care Professionals,2021-06-07,The Journal of Behavioral Health Services & Research
290,Michał Ziarko,https://orcid.org/0000-0002-7530-3167,https://doi.org/10.1159/000503708,Coping and Life Satisfaction: Mediating Role of Ego-Resiliency in Patients with Rheumatoid Arthritis,2020,Medical Principles and Practice
291,Michał Ziarko,https://orcid.org/0000-0002-7530-3167,https://doi.org/10.1155/2019/2069716,Psychosocial Predictors of Bruxism,2019-10-13,BioMed Research International
292,Michał Ziarko,https://orcid.org/0000-0002-7530-3167,https://doi.org/10.1155/2019/1473925,Mental Health and Rheumatoid Arthritis: Toward Understanding the Emotional Status of People with Chronic Disease,2019-02-11,BioMed Research International
293,Michał Ziarko,https://orcid.org/0000-0002-7530-3167,https://doi.org/10.13075/mp.5893.00757,General and specific individual post-traumatic stress disorder-related mechanisms among paramedics,2019-01-31,Medycyna Pracy
294,Michał Ziarko,https://orcid.org/0000-0002-7530-3167,empty,Habitual worry as a factor sustaining depressive symptoms in patients with rheumatoid arthritis,2018,Przegląd Psychologiczny
295,Michał Ziarko,https://orcid.org/0000-0002-7530-3167,empty,Habitual worry as a factor sustaining depressive symptoms in patients with rheumatoid arthritis. ,2018,Przegląd Psychologiczny
296,Michał Ziarko,https://orcid.org/0000-0002-7530-3167,empty,Poznawcza Reprezentacja choroby a funkcjonowanie osób z chorobą niedokrwienną serca,2018,"Acta Bio-Optica et Informatica Medica, Inżynieria Biomedyczna"
297,Michał Ziarko,https://orcid.org/0000-0002-7530-3167,empty,"Report from the 11th National Scientific Conference of the Health Psychology Section of the Polish Psychological Society “Health in a Changing World—Threats and Challenges” Institute of Psychology, Adam Mickiewicz University Poznan: 12–14 May, 2017",2018,Przegląd Psychologiczny
298,Michał Ziarko,https://orcid.org/0000-0002-7530-3167,empty,"Report from the 11th National Scientific Conference of the Health Psychology Section of the Polish Psychological Society “Health in a Changing World—Threats and Challenges” Institute of Psychology, Adam Mickiewicz University Poznan: 12–14 May, 2017.",2018,Przegląd Psychologiczny
299,Michał Ziarko,https://orcid.org/0000-0002-7530-3167,empty,Różnice płciowe w rozwoju wczesnych nieadaptacyjnych schematów. Badania prowadzone na grupie młodzieży doznającej przemocy w rodzinie,2018,"Dziecko krzywdzone. Teoria, badania, praktyka."
300,Michał Ziarko,https://orcid.org/0000-0002-7530-3167,empty,Człowiek w sytuacji choroby przewlekłej. ,2017,
301,Michał Ziarko,https://orcid.org/0000-0002-7530-3167,https://doi.org/10.1515/ppb-2017-0042,Determinants of health-related lifestyle.Comparative study of the functioning of young adults in 2003 and 2013.,2017,Polish Psychological Bulletin
302,Michał Ziarko,https://orcid.org/0000-0002-7530-3167,empty,Nawrót choroby nowotworowej – emocjonalne konsekwencje i możliwości psychologicznej pomocy,2017,Zeszyty Naukowe Wielkopolskiego Centrum Onkologii / Letters in Oncology Science
303,Michał Ziarko,https://orcid.org/0000-0002-7530-3167,empty,Nawrót choroby nowotworowej – emocjonalne konsekwencje i możliwości psychologicznej pomocy.,2017,Zeszyty Naukowe Wielkopolskiego Centrum Onkologii
304,Michał Ziarko,https://orcid.org/0000-0002-7530-3167,https://doi.org/10.35841/psychology-cognition.2.1.17-20,The role of tomatis sound therapy in the treatment of difficulties in reading in children with developmental dyslexia.,2017,Journal of Psychology and Cognition
305,Michał Ziarko,https://orcid.org/0000-0002-7530-3167,empty,Wiedza naukowa a praktyka społeczna na przykładzie psychologii zdrowia: O dyscyplinie naukowej na zakręcie,2017,Nauka
306,Michał Ziarko,https://orcid.org/0000-0002-7530-3167,empty,Wiedza naukowa a praktyka społeczna na przykładzie psychologii zdrowia: O dyscyplinie naukowej na zakręcie.,2017,Nauka
307,Joanna Zinczuk-Zielazna,https://orcid.org/0000-0003-2521-0322,https://doi.org/10.17951/j.2018.31.4.197-217,"Autopercepcja cech osobowości u kobiet niskolękowych, wysokolękowych i wypierających",2019-04-26,
308,Joanna Zinczuk-Zielazna,https://orcid.org/0000-0003-2521-0322,https://doi.org/10.5114/cipp.2018.80201,Verbal fluency and emotional expression in young women differing in their styles of coping with threatening stimuli,2018,
309,Joanna Zinczuk-Zielazna,https://orcid.org/0000-0003-2521-0322,https://doi.org/10.1515/plc-2017-0003,Explainers as an indicator of defensive attitude to experienced anxiety in young women differing in their styles of coping with threatening stimuli,2017,Psychology of Language and Communication